"1","12736","1","2","","","1","2021-09-04","2021-09-04","active","2021-09-04T22:39:11.000000Z","2021-09-04T22:39:11.000000Z"
"2","13352","2","2","","","2","2021-09-04","2021-09-04","active","2021-09-04T22:39:11.000000Z","2021-09-04T22:39:11.000000Z"
"3","13425","3","2","","","3","2021-09-04","2021-09-04","active","2021-09-04T22:39:11.000000Z","2021-09-04T22:39:11.000000Z"
"4","13112","4","2","","","4","2021-09-04","2021-09-04","active","2021-09-04T22:39:11.000000Z","2021-09-04T22:39:11.000000Z"
"5","12893","5","2","","","5","2021-09-04","2021-09-04","active","2021-09-04T22:39:11.000000Z","2021-09-04T22:39:11.000000Z"
"6","12900","6","2","","","6","2021-09-04","2021-09-04","active","2021-09-04T22:39:11.000000Z","2021-09-04T22:39:11.000000Z"
"7","12940","7","2","","","7","2021-09-04","2021-09-04","active","2021-09-04T22:39:11.000000Z","2021-09-04T22:39:11.000000Z"
"8","13940","8","2","","","8","2021-09-04","2021-09-04","active","2021-09-04T22:39:11.000000Z","2021-09-04T22:39:11.000000Z"
"9","13887","9","2","","","9","2021-09-04","2021-09-04","active","2021-09-04T22:39:11.000000Z","2021-09-04T22:39:11.000000Z"
"10","13079","46","1","","","9","2021-09-04","2021-09-04","active","2021-09-04T22:39:11.000000Z","2021-09-05T00:46:09.000000Z"
"11","13757","11","1","","","11","2021-09-04","2021-09-04","active","2021-09-04T22:59:33.000000Z","2021-09-04T22:59:33.000000Z"
"12","13132","12","2","","","12","2021-09-04","2021-09-04","active","2021-09-04T22:59:33.000000Z","2021-09-04T22:59:33.000000Z"
"13","12707","13","1","","","13","2021-09-04","2021-09-04","active","2021-09-04T22:59:33.000000Z","2021-09-04T22:59:33.000000Z"
"14","13236","14","1","","","14","2021-09-04","2021-09-04","active","2021-09-04T22:59:33.000000Z","2021-09-04T22:59:33.000000Z"
"15","12591","15","2","","","15","2021-09-04","2021-09-04","active","2021-09-04T22:59:33.000000Z","2021-09-04T22:59:33.000000Z"
"16","12016","16","2","","","16","2021-09-04","2021-09-04","active","2021-09-04T22:59:33.000000Z","2021-09-04T22:59:33.000000Z"
"17","13442","17","1","","","17","2021-09-04","2021-09-04","active","2021-09-04T22:59:33.000000Z","2021-09-04T22:59:33.000000Z"
"18","12475","18","2","","","18","2021-09-04","2021-09-04","active","2021-09-04T22:59:33.000000Z","2021-09-04T22:59:33.000000Z"
"19","13158","19","1","","","19","2021-09-04","2021-09-04","active","2021-09-04T22:59:33.000000Z","2021-09-04T22:59:33.000000Z"
"20","12049","20","1","","","20","2021-09-04","2021-09-04","active","2021-09-04T22:59:33.000000Z","2021-09-04T22:59:33.000000Z"
"21","12552","21","1","","","21","2021-09-04","2021-09-04","active","2021-09-04T22:59:34.000000Z","2021-09-04T22:59:34.000000Z"
"22","13924","22","1","","","22","2021-09-04","2021-09-04","active","2021-09-04T22:59:34.000000Z","2021-09-04T22:59:34.000000Z"
"23","13127","23","2","","","23","2021-09-04","2021-09-04","active","2021-09-04T22:59:34.000000Z","2021-09-04T22:59:34.000000Z"
"24","13653","24","1","","","24","2021-09-04","2021-09-04","active","2021-09-04T22:59:34.000000Z","2021-09-04T22:59:34.000000Z"
"25","12263","25","1","","","25","2021-09-04","2021-09-04","active","2021-09-04T22:59:34.000000Z","2021-09-04T22:59:34.000000Z"
"26","13117","26","2","","","26","2021-09-04","2021-09-04","active","2021-09-04T22:59:34.000000Z","2021-09-04T22:59:34.000000Z"
"27","13088","27","1","","","27","2021-09-04","2021-09-04","active","2021-09-04T22:59:34.000000Z","2021-09-04T22:59:34.000000Z"
"28","13691","28","2","","","28","2021-09-04","2021-09-04","active","2021-09-04T22:59:34.000000Z","2021-09-04T22:59:34.000000Z"
"29","12037","29","1","","","29","2021-09-04","2021-09-04","active","2021-09-04T22:59:34.000000Z","2021-09-04T22:59:34.000000Z"
"30","12580","30","1","","","30","2021-09-04","2021-09-04","active","2021-09-04T22:59:34.000000Z","2021-09-04T22:59:34.000000Z"
"31","12071","31","2","","","31","2021-09-04","2021-09-04","active","2021-09-04T22:59:35.000000Z","2021-09-04T22:59:35.000000Z"
"32","12731","32","2","","","32","2021-09-04","2021-09-04","active","2021-09-04T22:59:35.000000Z","2021-09-04T22:59:35.000000Z"
"33","13176","33","1","","","33","2021-09-04","2021-09-04","active","2021-09-04T22:59:35.000000Z","2021-09-04T22:59:35.000000Z"
"34","13550","34","2","","","34","2021-09-04","2021-09-04","active","2021-09-04T22:59:35.000000Z","2021-09-04T22:59:35.000000Z"
"35","13276","35","2","","","35","2021-09-04","2021-09-04","active","2021-09-04T22:59:35.000000Z","2021-09-04T22:59:35.000000Z"
"36","12809","36","2","","","36","2021-09-04","2021-09-04","active","2021-09-04T22:59:35.000000Z","2021-09-04T22:59:35.000000Z"
"37","13244","37","1","","","37","2021-09-04","2021-09-04","active","2021-09-04T22:59:35.000000Z","2021-09-04T22:59:35.000000Z"
"38","12565","38","2","","","38","2021-09-04","2021-09-04","active","2021-09-04T22:59:35.000000Z","2021-09-04T22:59:35.000000Z"
"39","13283","39","1","","","39","2021-09-04","2021-09-04","active","2021-09-04T22:59:35.000000Z","2021-09-04T22:59:35.000000Z"
"40","13698","40","2","","","40","2021-09-04","2021-09-04","active","2021-09-04T22:59:35.000000Z","2021-09-04T22:59:35.000000Z"
"41","12160","41","2","","","41","2021-09-04","2021-09-04","active","2021-09-04T22:59:36.000000Z","2021-09-04T22:59:36.000000Z"
"42","13977","42","1","","","42","2021-09-04","2021-09-04","active","2021-09-04T22:59:36.000000Z","2021-09-04T22:59:36.000000Z"
"43","13106","43","2","","","43","2021-09-04","2021-09-04","active","2021-09-04T22:59:36.000000Z","2021-09-04T22:59:36.000000Z"
"44","13201","44","1","","","44","2021-09-04","2021-09-04","active","2021-09-04T22:59:36.000000Z","2021-09-04T22:59:36.000000Z"
"45","12339","45","1","","","45","2021-09-04","2021-09-04","active","2021-09-04T22:59:36.000000Z","2021-09-04T22:59:36.000000Z"
"46","12619","46","1","","","46","2021-09-04","2021-09-04","active","2021-09-04T22:59:36.000000Z","2021-09-04T22:59:36.000000Z"
"47","13761","47","1","","","47","2021-09-04","2021-09-04","active","2021-09-04T22:59:36.000000Z","2021-09-04T22:59:36.000000Z"
"48","13898","48","1","","","48","2021-09-04","2021-09-04","active","2021-09-04T22:59:36.000000Z","2021-09-04T22:59:36.000000Z"
"49","13345","49","2","","","49","2021-09-04","2021-09-04","active","2021-09-04T22:59:36.000000Z","2021-09-04T22:59:36.000000Z"
"50","13656","50","2","","","50","2021-09-04","2021-09-04","active","2021-09-04T22:59:36.000000Z","2021-09-04T22:59:36.000000Z"
"51","12025","51","1","","","51","2021-09-04","2021-09-04","active","2021-09-04T22:59:36.000000Z","2021-09-04T22:59:36.000000Z"
"52","12896","52","2","","","52","2021-09-04","2021-09-04","active","2021-09-04T22:59:36.000000Z","2021-09-04T22:59:36.000000Z"
"53","12079","53","1","","","53","2021-09-04","2021-09-04","active","2021-09-04T22:59:36.000000Z","2021-09-04T22:59:36.000000Z"
"54","13007","54","2","","","54","2021-09-04","2021-09-04","active","2021-09-04T22:59:36.000000Z","2021-09-04T22:59:36.000000Z"
"55","13208","55","2","","","55","2021-09-04","2021-09-04","active","2021-09-04T22:59:36.000000Z","2021-09-04T22:59:36.000000Z"
"56","12314","56","1","","","56","2021-09-04","2021-09-04","active","2021-09-04T22:59:36.000000Z","2021-09-04T22:59:36.000000Z"
"57","12891","57","1","","","57","2021-09-04","2021-09-04","active","2021-09-04T22:59:36.000000Z","2021-09-04T22:59:36.000000Z"
"58","13089","58","2","","","58","2021-09-04","2021-09-04","active","2021-09-04T22:59:36.000000Z","2021-09-04T22:59:36.000000Z"
"59","13065","59","1","","","59","2021-09-04","2021-09-04","active","2021-09-04T22:59:36.000000Z","2021-09-04T22:59:36.000000Z"
"60","12782","60","1","","","60","2021-09-04","2021-09-04","active","2021-09-04T22:59:36.000000Z","2021-09-04T22:59:36.000000Z"
"61","13429","61","1","","","61","2021-09-04","2021-09-04","active","2021-09-04T22:59:37.000000Z","2021-09-04T22:59:37.000000Z"
"62","12549","62","2","","","62","2021-09-04","2021-09-04","active","2021-09-04T22:59:37.000000Z","2021-09-04T22:59:37.000000Z"
"63","12146","63","2","","","63","2021-09-04","2021-09-04","active","2021-09-04T22:59:37.000000Z","2021-09-04T22:59:37.000000Z"
"64","12429","64","2","","","64","2021-09-04","2021-09-04","active","2021-09-04T22:59:37.000000Z","2021-09-04T22:59:37.000000Z"
"65","12258","65","2","","","65","2021-09-04","2021-09-04","active","2021-09-04T22:59:37.000000Z","2021-09-04T22:59:37.000000Z"
"66","13893","66","2","","","66","2021-09-04","2021-09-04","active","2021-09-04T22:59:37.000000Z","2021-09-04T22:59:37.000000Z"
"67","13367","67","2","","","67","2021-09-04","2021-09-04","active","2021-09-04T22:59:37.000000Z","2021-09-04T22:59:37.000000Z"
"68","12230","68","2","","","68","2021-09-04","2021-09-04","active","2021-09-04T22:59:37.000000Z","2021-09-04T22:59:37.000000Z"
"69","13150","69","2","","","69","2021-09-04","2021-09-04","active","2021-09-04T22:59:37.000000Z","2021-09-04T22:59:37.000000Z"
"70","12572","70","2","","","70","2021-09-04","2021-09-04","active","2021-09-04T22:59:37.000000Z","2021-09-04T22:59:37.000000Z"
"71","13914","71","2","","","71","2021-09-04","2021-09-04","active","2021-09-04T22:59:38.000000Z","2021-09-04T22:59:38.000000Z"
"72","13184","72","2","","","72","2021-09-04","2021-09-04","active","2021-09-04T22:59:38.000000Z","2021-09-04T22:59:38.000000Z"
"73","13049","73","1","","","73","2021-09-04","2021-09-04","active","2021-09-04T22:59:38.000000Z","2021-09-04T22:59:38.000000Z"
"74","13149","74","2","","","74","2021-09-04","2021-09-04","active","2021-09-04T22:59:38.000000Z","2021-09-04T22:59:38.000000Z"
"75","12140","75","2","","","75","2021-09-04","2021-09-04","active","2021-09-04T22:59:38.000000Z","2021-09-04T22:59:38.000000Z"
"76","13141","76","2","","","76","2021-09-04","2021-09-04","active","2021-09-04T22:59:38.000000Z","2021-09-04T22:59:38.000000Z"
"77","13989","77","2","","","77","2021-09-04","2021-09-04","active","2021-09-04T22:59:38.000000Z","2021-09-04T22:59:38.000000Z"
"78","12307","78","1","","","78","2021-09-04","2021-09-04","active","2021-09-04T22:59:38.000000Z","2021-09-04T22:59:38.000000Z"
"79","12318","79","1","","","79","2021-09-04","2021-09-04","active","2021-09-04T22:59:38.000000Z","2021-09-04T22:59:38.000000Z"
"80","13823","80","1","","","80","2021-09-04","2021-09-04","active","2021-09-04T22:59:38.000000Z","2021-09-04T22:59:38.000000Z"
"81","13831","81","1","","","81","2021-09-04","2021-09-04","active","2021-09-04T22:59:38.000000Z","2021-09-04T22:59:38.000000Z"
"82","12499","82","1","","","82","2021-09-04","2021-09-04","active","2021-09-04T22:59:38.000000Z","2021-09-04T22:59:38.000000Z"
"83","12183","83","2","","","83","2021-09-04","2021-09-04","active","2021-09-04T22:59:38.000000Z","2021-09-04T22:59:38.000000Z"
"84","12502","84","2","","","84","2021-09-04","2021-09-04","active","2021-09-04T22:59:38.000000Z","2021-09-04T22:59:38.000000Z"
"85","12050","85","1","","","85","2021-09-04","2021-09-04","active","2021-09-04T22:59:38.000000Z","2021-09-04T22:59:38.000000Z"
"86","13066","86","1","","","86","2021-09-04","2021-09-04","active","2021-09-04T22:59:38.000000Z","2021-09-04T22:59:38.000000Z"
"87","13637","87","1","","","87","2021-09-04","2021-09-04","active","2021-09-04T22:59:38.000000Z","2021-09-04T22:59:38.000000Z"
"88","12094","88","2","","","88","2021-09-04","2021-09-04","active","2021-09-04T22:59:38.000000Z","2021-09-04T22:59:38.000000Z"
"89","13035","89","1","","","89","2021-09-04","2021-09-04","active","2021-09-04T22:59:38.000000Z","2021-09-04T22:59:38.000000Z"
"90","12403","90","2","","","90","2021-09-04","2021-09-04","active","2021-09-04T22:59:38.000000Z","2021-09-04T22:59:38.000000Z"
"91","13172","91","2","","","91","2021-09-04","2021-09-04","active","2021-09-04T22:59:39.000000Z","2021-09-04T22:59:39.000000Z"
"92","13668","92","2","","","92","2021-09-04","2021-09-04","active","2021-09-04T22:59:39.000000Z","2021-09-04T22:59:39.000000Z"
"93","13039","93","2","","","93","2021-09-04","2021-09-04","active","2021-09-04T22:59:39.000000Z","2021-09-04T22:59:39.000000Z"
"94","12249","94","1","","","94","2021-09-04","2021-09-04","active","2021-09-04T22:59:39.000000Z","2021-09-04T22:59:39.000000Z"
"95","12135","95","2","","","95","2021-09-04","2021-09-04","active","2021-09-04T22:59:39.000000Z","2021-09-04T22:59:39.000000Z"
"96","12294","96","1","","","96","2021-09-04","2021-09-04","active","2021-09-04T22:59:39.000000Z","2021-09-04T22:59:39.000000Z"
"97","12611","97","1","","","97","2021-09-04","2021-09-04","active","2021-09-04T22:59:39.000000Z","2021-09-04T22:59:39.000000Z"
"99","13566","101","1","","","101","2021-09-04","2021-09-04","active","2021-09-04T22:59:40.000000Z","2021-09-04T22:59:40.000000Z"
"100","13774","102","1","","","102","2021-09-04","2021-09-04","active","2021-09-04T22:59:40.000000Z","2021-09-04T22:59:40.000000Z"
"101","12322","103","2","","","103","2021-09-04","2021-09-04","active","2021-09-04T22:59:40.000000Z","2021-09-04T22:59:40.000000Z"
"102","13595","104","1","","","104","2021-09-04","2021-09-04","active","2021-09-04T22:59:40.000000Z","2021-09-04T22:59:40.000000Z"
"104","12364","111","1","","","111","2021-09-04","2021-09-04","active","2021-09-04T22:59:41.000000Z","2021-09-04T22:59:41.000000Z"
"105","12179","112","1","","","112","2021-09-04","2021-09-04","active","2021-09-04T22:59:41.000000Z","2021-09-04T22:59:41.000000Z"
"106","12948","113","2","","","113","2021-09-04","2021-09-04","active","2021-09-04T22:59:41.000000Z","2021-09-04T22:59:41.000000Z"
"107","12944","114","1","","","114","2021-09-04","2021-09-04","active","2021-09-04T22:59:41.000000Z","2021-09-04T22:59:41.000000Z"
"108","12533","115","2","","","115","2021-09-04","2021-09-04","active","2021-09-04T22:59:41.000000Z","2021-09-04T22:59:41.000000Z"
"109","13625","116","2","","","116","2021-09-04","2021-09-04","active","2021-09-04T22:59:41.000000Z","2021-09-04T22:59:41.000000Z"
"110","13877","117","2","","","117","2021-09-04","2021-09-04","active","2021-09-04T22:59:41.000000Z","2021-09-04T22:59:41.000000Z"
"111","13166","118","1","","","118","2021-09-04","2021-09-04","active","2021-09-04T22:59:41.000000Z","2021-09-04T22:59:41.000000Z"
"112","12560","119","2","","","119","2021-09-04","2021-09-04","active","2021-09-04T22:59:41.000000Z","2021-09-04T22:59:41.000000Z"
"113","12512","120","2","","","120","2021-09-04","2021-09-04","active","2021-09-04T22:59:41.000000Z","2021-09-04T22:59:41.000000Z"
"114","13913","121","1","","","121","2021-09-04","2021-09-04","active","2021-09-04T22:59:42.000000Z","2021-09-04T22:59:42.000000Z"
"115","12086","122","2","","","122","2021-09-04","2021-09-04","active","2021-09-04T22:59:42.000000Z","2021-09-04T22:59:42.000000Z"
"116","13006","123","2","","","123","2021-09-04","2021-09-04","active","2021-09-04T22:59:42.000000Z","2021-09-04T22:59:42.000000Z"
"117","12344","124","2","","","124","2021-09-04","2021-09-04","active","2021-09-04T22:59:42.000000Z","2021-09-04T22:59:42.000000Z"
"118","13061","125","2","","","125","2021-09-04","2021-09-04","active","2021-09-04T22:59:42.000000Z","2021-09-04T22:59:42.000000Z"
"120","13186","131","2","","","131","2021-09-04","2021-09-04","active","2021-09-04T22:59:43.000000Z","2021-09-04T22:59:43.000000Z"
"121","12348","132","1","","","132","2021-09-04","2021-09-04","active","2021-09-04T22:59:43.000000Z","2021-09-04T22:59:43.000000Z"
"122","12637","133","1","","","133","2021-09-04","2021-09-04","active","2021-09-04T22:59:43.000000Z","2021-09-04T22:59:43.000000Z"
"123","13064","134","2","","","134","2021-09-04","2021-09-04","active","2021-09-04T22:59:43.000000Z","2021-09-04T22:59:43.000000Z"
"124","12395","135","1","","","135","2021-09-04","2021-09-04","active","2021-09-04T22:59:43.000000Z","2021-09-04T22:59:43.000000Z"
"125","13336","136","2","","","136","2021-09-04","2021-09-04","active","2021-09-04T22:59:43.000000Z","2021-09-04T22:59:43.000000Z"
"126","13688","137","1","","","137","2021-09-04","2021-09-04","active","2021-09-04T22:59:43.000000Z","2021-09-04T22:59:43.000000Z"
"127","12180","138","2","","","138","2021-09-04","2021-09-04","active","2021-09-04T22:59:43.000000Z","2021-09-04T22:59:43.000000Z"
"128","13676","139","2","","","139","2021-09-04","2021-09-04","active","2021-09-04T22:59:43.000000Z","2021-09-04T22:59:43.000000Z"
"129","13730","140","1","","","140","2021-09-04","2021-09-04","active","2021-09-04T22:59:43.000000Z","2021-09-04T22:59:43.000000Z"
